{
  "timestamp": "2025-11-29T15:35:40.903851",
  "methods": {
    "Embedding-Only (FAISS)": {
      "precision@5": 0.07600000000000001,
      "precision@10": 0.08800000000000001,
      "recall@10": 0.06562991760636126,
      "ndcg@10": 0.08741379747874607,
      "MAP": 0.04614466803076277,
      "diversity": 0.6033647591850082,
      "coverage": 0.7533875338753387,
      "temporal_accuracy": 0.6259999999999999,
      "query_latency_ms": 0.16392230987548828
    },
    "SimRank-Only": {
      "precision@5": 0.7680000000000001,
      "precision@10": 0.53,
      "recall@10": 0.5055098325207694,
      "ndcg@10": 0.70019750136655,
      "MAP": 0.5346141324539136,
      "diversity": 0.514284937129601,
      "coverage": 0.6856368563685636,
      "temporal_accuracy": 0.714,
      "query_latency_ms": 0.1278066635131836
    },
    "Hybrid (50-50)": {
      "precision@5": 0.6680000000000001,
      "precision@10": 0.4640000000000001,
      "recall@10": 0.44876884404065054,
      "ndcg@10": 0.6144813509022318,
      "MAP": 0.4223832806678968,
      "diversity": 0.5507466438115624,
      "coverage": 0.6910569105691057,
      "temporal_accuracy": 0.684,
      "query_latency_ms": 0.15068531036376953
    },
    "Hybrid (70% Embedding)": {
      "precision@5": 0.596,
      "precision@10": 0.386,
      "recall@10": 0.36957831400986607,
      "ndcg@10": 0.5324305424972133,
      "MAP": 0.3370627456256743,
      "diversity": 0.5695150702437877,
      "coverage": 0.7127371273712737,
      "temporal_accuracy": 0.64,
      "query_latency_ms": 0.1368999481201172
    },
    "Hybrid (30% Embedding)": {
      "precision@5": 0.7040000000000002,
      "precision@10": 0.49000000000000005,
      "recall@10": 0.47264581908696185,
      "ndcg@10": 0.6514726730200935,
      "MAP": 0.4885171448445671,
      "diversity": 0.5338940045730651,
      "coverage": 0.6829268292682927,
      "temporal_accuracy": 0.6920000000000001,
      "query_latency_ms": 0.14423847198486328
    }
  }
}