{
  "timestamp": "2025-11-29T11:25:36.200830",
  "methods": {
    "Embedding-Only (FAISS)": {
      "precision@5": 0.27599999999999997,
      "precision@10": 0.29200000000000004,
      "recall@10": 0.04079909303773013,
      "ndcg@10": 0.2878756311576657,
      "MAP": 0.032145877435553465,
      "diversity": 0.6421401288898073,
      "coverage": 0.7940379403794038,
      "temporal_accuracy": 0.5760000000000001,
      "query_latency_ms": 0.28385162353515625
    },
    "SimRank-Only": {
      "precision@5": 0.8240000000000001,
      "precision@10": 0.59,
      "recall@10": 0.15462169890144434,
      "ndcg@10": 0.683550436983767,
      "MAP": 0.1700268716433675,
      "diversity": 0.598786381168634,
      "coverage": 0.8699186991869918,
      "temporal_accuracy": 0.606,
      "query_latency_ms": 0.2403545379638672
    },
    "Hybrid (50-50)": {
      "precision@5": 0.8280000000000001,
      "precision@10": 0.5939999999999999,
      "recall@10": 0.1538874684233614,
      "ndcg@10": 0.6867732464836953,
      "MAP": 0.17086283787243825,
      "diversity": 0.6103853230199433,
      "coverage": 0.8780487804878049,
      "temporal_accuracy": 0.5919999999999999,
      "query_latency_ms": 0.2144622802734375
    },
    "Hybrid (70% Embedding)": {
      "precision@5": 0.812,
      "precision@10": 0.592,
      "recall@10": 0.1538938308503381,
      "ndcg@10": 0.6832062505378019,
      "MAP": 0.1620955650202801,
      "diversity": 0.6173737576962204,
      "coverage": 0.8699186991869918,
      "temporal_accuracy": 0.598,
      "query_latency_ms": 0.20709514617919922
    },
    "Hybrid (70% SimRank)": {
      "precision@5": 0.8240000000000001,
      "precision@10": 0.594,
      "recall@10": 0.15523407263881808,
      "ndcg@10": 0.6861479372168339,
      "MAP": 0.17066988636661132,
      "diversity": 0.6045028863073277,
      "coverage": 0.8699186991869918,
      "temporal_accuracy": 0.588,
      "query_latency_ms": 0.3298616409301758
    }
  }
}